{"cameraMode":{"drawMode":0,"name":"Shaded","section":"Shading Mode"},"sceneLighting":false,"audioPlay":false,"sceneViewState":{"m_AlwaysRefresh":false,"showFog":true,"showSkybox":false,"showFlares":true,"showImageEffects":true,"showParticleSystems":true,"showVisualEffectGraphs":true,"m_FxEnabled":true},"in2DMode":false,"pivot":{"x":6.542992115020752,"y":-0.039804741740226749,"z":14.870162963867188},"rotation":{"x":-0.13630734384059907,"y":0.44557666778564455,"z":-0.06885985285043717,"w":-0.8821413516998291},"size":0.47062745690345766,"orthographic":false}