{"cameraMode":{"drawMode":0,"name":"Shaded","section":"Shading Mode"},"sceneLighting":false,"audioPlay":false,"sceneViewState":{"m_AlwaysRefresh":false,"showFog":true,"showSkybox":false,"showFlares":true,"showImageEffects":true,"showParticleSystems":true,"showVisualEffectGraphs":true,"m_FxEnabled":true},"in2DMode":false,"pivot":{"x":0.017827004194259645,"y":0.03568883240222931,"z":0.502468466758728},"rotation":{"x":-0.32920822501182558,"y":-0.5735227465629578,"z":0.2700350284576416,"w":-0.6999139785766602},"size":0.8342183232307434,"orthographic":false}