{"cameraMode":{"drawMode":0,"name":"Shaded","section":"Shading Mode"},"sceneLighting":false,"audioPlay":false,"sceneViewState":{"m_AlwaysRefresh":false,"showFog":true,"showSkybox":false,"showFlares":true,"showImageEffects":true,"showParticleSystems":true,"showVisualEffectGraphs":true,"m_FxEnabled":true},"in2DMode":false,"pivot":{"x":0.039985716342926028,"y":-0.08557707071304321,"z":0.9399335384368897},"rotation":{"x":-0.4420141875743866,"y":-0.06922295689582825,"z":0.03429856523871422,"w":-0.8937069177627564},"size":0.5408905148506165,"orthographic":false}