{"cameraMode":{"drawMode":0,"name":"Shaded","section":"Shading Mode"},"sceneLighting":false,"audioPlay":false,"sceneViewState":{"m_AlwaysRefresh":false,"showFog":true,"showSkybox":false,"showFlares":true,"showImageEffects":true,"showParticleSystems":true,"showVisualEffectGraphs":true,"m_FxEnabled":true},"in2DMode":false,"pivot":{"x":-0.18817800283432008,"y":-0.028722047805786134,"z":0.6085637807846069},"rotation":{"x":-0.10870927572250366,"y":-0.6194554567337036,"z":0.08719711750745774,"w":-0.772600531578064},"size":0.32879021763801577,"orthographic":false}