{"cameraMode":{"drawMode":0,"name":"Shaded","section":"Shading Mode"},"sceneLighting":false,"audioPlay":false,"sceneViewState":{"m_AlwaysRefresh":false,"showFog":true,"showSkybox":false,"showFlares":true,"showImageEffects":true,"showParticleSystems":true,"showVisualEffectGraphs":true,"m_FxEnabled":true},"in2DMode":false,"pivot":{"x":-2.4700000286102297,"y":4.440000057220459,"z":2.059999942779541},"rotation":{"x":0.0053103333339095119,"y":0.9946574568748474,"z":-0.078052818775177,"w":0.06793157011270523},"size":1.7972201108932496,"orthographic":false}