{"cameraMode":{"drawMode":0,"name":"Shaded","section":"Shading Mode"},"sceneLighting":false,"audioPlay":false,"sceneViewState":{"m_AlwaysRefresh":false,"showFog":true,"showSkybox":false,"showFlares":true,"showImageEffects":true,"showParticleSystems":true,"showVisualEffectGraphs":true,"m_FxEnabled":true},"in2DMode":false,"pivot":{"x":-2.4700000286102297,"y":3.440000057220459,"z":2.059999942779541},"rotation":{"x":0.007401805371046066,"y":0.8979650735855103,"z":-0.01509283110499382,"w":0.4397962987422943},"size":1.2247449159622193,"orthographic":false}