{"cameraMode":{"drawMode":0,"name":"Shaded","section":"Shading Mode"},"sceneLighting":false,"audioPlay":false,"sceneViewState":{"m_AlwaysRefresh":false,"showFog":true,"showSkybox":false,"showFlares":true,"showImageEffects":true,"showParticleSystems":true,"showVisualEffectGraphs":true,"m_FxEnabled":true},"in2DMode":false,"pivot":{"x":-1.7429900169372559,"y":3.5559725761413576,"z":2.5220706462860109},"rotation":{"x":0.1255466490983963,"y":0.7271992564201355,"z":-0.13820117712020875,"w":0.6605781316757202},"size":1.4516762495040894,"orthographic":false}