{"cameraMode":{"drawMode":0,"name":"Shaded","section":"Shading Mode"},"sceneLighting":true,"audioPlay":false,"sceneViewState":{"m_AlwaysRefresh":false,"showFog":true,"showSkybox":true,"showFlares":true,"showImageEffects":true,"showParticleSystems":true,"showVisualEffectGraphs":true,"m_FxEnabled":true},"in2DMode":false,"pivot":{"x":-29.74419403076172,"y":4.953284740447998,"z":1.6071605682373047},"rotation":{"x":-0.011933405883610249,"y":0.24707506597042085,"z":-0.003022958990186453,"w":-0.9689502716064453},"size":12.095525741577149,"orthographic":false}