{"cameraMode":{"drawMode":0,"name":"Shaded","section":"Shading Mode"},"sceneLighting":true,"audioPlay":false,"sceneViewState":{"m_AlwaysRefresh":false,"showFog":true,"showSkybox":true,"showFlares":true,"showImageEffects":true,"showParticleSystems":true,"showVisualEffectGraphs":true,"m_FxEnabled":true},"in2DMode":false,"pivot":{"x":22.61611557006836,"y":5.183459281921387,"z":-0.17759323120117188},"rotation":{"x":0.025931699201464654,"y":-0.4356498122215271,"z":0.012545800767838955,"w":0.8996837735176086},"size":6.536724090576172,"orthographic":false}