{"cameraMode":{"drawMode":0,"name":"Shaded","section":"Shading Mode"},"sceneLighting":false,"audioPlay":false,"sceneViewState":{"m_AlwaysRefresh":false,"showFog":true,"showSkybox":false,"showFlares":true,"showImageEffects":true,"showParticleSystems":true,"showVisualEffectGraphs":true,"m_FxEnabled":true},"in2DMode":false,"pivot":{"x":-1.8776652812957764,"y":4.351711273193359,"z":2.6627254486083986},"rotation":{"x":0.02843170240521431,"y":0.8916352987289429,"z":-0.056521520018577579,"w":0.4483641982078552},"size":3.743659734725952,"orthographic":false}