{"cameraMode":{"drawMode":0,"name":"Shaded","section":"Shading Mode"},"sceneLighting":false,"audioPlay":false,"sceneViewState":{"m_AlwaysRefresh":false,"showFog":true,"showSkybox":false,"showFlares":true,"showImageEffects":true,"showParticleSystems":true,"showVisualEffectGraphs":true,"m_FxEnabled":true},"in2DMode":false,"pivot":{"x":-0.048484236001968387,"y":-0.039804741740226749,"z":-0.009836703538894654},"rotation":{"x":-0.28485235571861269,"y":0.49830397963523867,"z":-0.177575021982193,"w":-0.7994051575660706},"size":0.4706276059150696,"orthographic":false}