{"cameraMode":{"drawMode":0,"name":"Shaded","section":"Shading Mode"},"sceneLighting":false,"audioPlay":false,"sceneViewState":{"m_AlwaysRefresh":false,"showFog":true,"showSkybox":false,"showFlares":true,"showImageEffects":true,"showParticleSystems":true,"showVisualEffectGraphs":true,"m_FxEnabled":true},"in2DMode":false,"pivot":{"x":-2.2886879444122316,"y":4.108865261077881,"z":2.025265693664551},"rotation":{"x":0.013575631193816662,"y":0.9840736389160156,"z":-0.15508659183979035,"w":0.08620484918355942},"size":0.599724292755127,"orthographic":false}